COMPANY_NAME,YEAR,GW_SCORE,USED_FOR_ANALYSIS,GW_LABEL,GW_RISK_CATEGORY
A.P. MOLLER - MAERSK A/S,2021,0.875,True,1,Very High
A.P. MOLLER - MAERSK A/S,2022,0.6875,True,1,High
A.P. MOLLER - MAERSK A/S,2023,0.8125,False,1,Very High
A2A SPA,2020,0.5,True,1,Medium
A2A SPA,2022,0.75,True,1,High
ABB LTD,2023,0.3125,False,0,Medium
ACERINOX SA,2023,0.3125,False,0,Medium
ADECCO GROUP AG,2022,0.875,True,1,Very High
ADIDAS AG,2012,0.875,True,1,Very High
ADIDAS AG,2013,0.875,True,1,Very High
ADIDAS AG,2014,1.0,True,1,Very High
ADIDAS AG,2016,0.5,True,1,Medium
ADIDAS AG,2017,0.625,True,1,High
ADIDAS AG,2019,0.625,True,1,High
ADIDAS AG,2021,0.875,True,1,Very High
ADIDAS AG,2022,0.9375,True,1,Very High
ADMIRAL GROUP PLC,2021,0.4375,False,0,Medium
AIB GROUP PLC,2023,0.375,False,0,Medium
AIR FRANCE - KLM,2022,0.9375,False,1,Very High
AIR FRANCE - KLM,2023,0.875,False,1,Very High
AIRBUS SE,2016,0.4375,True,0,Medium
AIRBUS SE,2019,0.375,True,0,Medium
AIRBUS SE,2023,0.5,False,1,Medium
ALLEGRO EU SA,2023,0.5625,False,1,High
ALLIANZ SE,2019,0.125,False,0,Low
ALLIANZ SE,2020,0.9375,False,1,Very High
ALLIANZ SE,2021,0.9375,False,1,Very High
ALLIANZ SE,2022,0.9375,False,1,Very High
AMER SPORTS CORP,2020,0.0625,False,0,Low
AMUNDI S A,2022,1.0,True,1,Very High
ANDRITZ AG,2011,0.625,True,1,High
ANDRITZ AG,2012,0.625,True,1,High
ANDRITZ AG,2013,0.625,True,1,High
ANDRITZ AG,2014,0.625,False,1,High
ANDRITZ AG,2015,0.625,True,1,High
ANDRITZ AG,2016,0.625,True,1,High
ANDRITZ AG,2017,0.5625,True,1,High
ANDRITZ AG,2018,0.625,True,1,High
ANDRITZ AG,2019,0.625,True,1,High
ANDRITZ AG,2022,0.625,False,1,High
ANGLO AMERICAN PLC,2014,1.0,False,1,Very High
ANGLO AMERICAN PLC,2015,1.0,False,1,Very High
ANGLO AMERICAN PLC,2016,1.0,False,1,Very High
ANGLO AMERICAN PLC,2017,1.0,False,1,Very High
ANGLO AMERICAN PLC,2018,0.375,False,0,Medium
ANGLO AMERICAN PLC,2019,0.875,False,1,Very High
ANGLO AMERICAN PLC,2020,1.0,False,1,Very High
ANGLO AMERICAN PLC,2021,1.0,False,1,Very High
ANGLO AMERICAN PLC,2023,1.0,False,1,Very High
ANHEUSER-BUSCH INBEV,2022,0.5625,True,1,High
ANTOFAGASTA PLC,2021,1.0,True,1,Very High
ARCELORMITTAL,2013,1.0,True,1,Very High
ARCELORMITTAL,2020,0.3125,True,0,Medium
ARCELORMITTAL,2021,0.375,True,0,Medium
ARCELORMITTAL,2023,0.875,False,1,Very High
AREVA SA,2012,0.75,True,1,High
ARKEMA,2020,0.5,True,1,Medium
ASML HOLDING NV,2021,0.6875,False,1,High
ASSOCIATED BRITISH FOODS PLC,2013,0.375,True,0,Medium
ASTRAZENECA PLC,2023,0.3125,False,0,Medium
AURUBIS AG,2018,0.875,True,1,Very High
AURUBIS AG,2023,0.75,True,1,High
AVAST PLC,2021,0.125,False,0,Low
AVEVA GROUP PLC,2021,0.5625,True,1,High
AVIVA PLC,2017,0.4375,False,0,Medium
AXA SA,2015,0.4375,False,0,Medium
AXA SA,2016,0.4375,False,0,Medium
AXA SA,2017,0.4375,False,0,Medium
AXA SA,2019,0.3125,False,0,Medium
AXA SA,2021,0.3125,False,0,Medium
AXA SA,2022,0.5625,False,1,High
AXFOOD AB,2011,0.25,True,0,Low
BAE SYSTEMS PLC,2012,1.0,True,1,Very High
BAE SYSTEMS PLC,2020,0.4375,True,0,Medium
BAE SYSTEMS PLC,2022,0.625,True,1,High
BAE SYSTEMS PLC,2023,0.375,False,0,Medium
BANCO SANTANDER SA,2019,0.8125,False,1,Very High
BANCO SANTANDER SA,2020,0.5,False,1,Medium
BANCO SANTANDER SA,2021,1.0,False,1,Very High
BANCO SANTANDER SA,2022,0.8125,False,1,Very High
BANCO SANTANDER SA,2023,1.0,False,1,Very High
BARCLAYS PLC,2012,0.25,False,0,Low
BARCLAYS PLC,2016,0.75,False,1,High
BARCLAYS PLC,2017,0.75,False,1,High
BARCLAYS PLC,2018,0.75,False,1,High
BARCLAYS PLC,2019,0.75,False,1,High
BARCLAYS PLC,2021,0.9375,False,1,Very High
BARCLAYS PLC,2022,0.6875,False,1,High
BARCLAYS PLC,2023,1.0,False,1,Very High
BASF SE,2011,0.875,False,1,Very High
BASF SE,2014,0.625,True,1,High
BASF SE,2017,0.375,True,0,Medium
BASF SE,2020,0.3125,True,0,Medium
BASF SE,2021,1.0,True,1,Very High
BASF SE,2022,0.875,True,1,Very High
BASF SE,2023,0.875,False,1,Very High
BAYER AG,2012,0.5,False,1,Medium
BAYER AG,2013,0.3333333333333333,False,0,Medium
BAYER AG,2014,0.6875,False,1,High
BAYER AG,2015,0.6875,True,1,High
BAYER AG,2016,0.6875,True,1,High
BAYER AG,2017,0.875,True,1,Very High
BAYER AG,2018,0.875,True,1,Very High
BAYER AG,2019,0.75,True,1,High
BAYER AG,2021,0.625,True,1,High
BAYER AG,2023,1.0,False,1,Very High
BAYER MOTOREN WERKE AG,2013,0.4375,True,0,Medium
BAYER MOTOREN WERKE AG,2014,0.3125,False,0,Medium
BAYER MOTOREN WERKE AG,2017,1.0,True,1,Very High
BAYER MOTOREN WERKE AG,2018,1.0,True,1,Very High
BAYER MOTOREN WERKE AG,2019,1.0,True,1,Very High
BAYER MOTOREN WERKE AG,2020,0.6875,True,1,High
BAYER MOTOREN WERKE AG,2021,0.9375,True,1,Very High
BAYER MOTOREN WERKE AG,2022,0.75,True,1,High
BAYER MOTOREN WERKE AG,2023,1.0,True,1,Very High
BEIERSDORF AG,2022,0.875,True,1,Very High
BEIERSDORF AG,2023,0.625,False,1,High
BG GROUP PLC,2015,0.4375,False,0,Medium
BHP GROUP LTD,2013,0.4375,True,0,Medium
BHP GROUP LTD,2016,0.5625,True,1,High
BHP GROUP LTD,2017,0.9166666666666666,True,1,Very High
BHP GROUP LTD,2019,0.9375,True,1,Very High
BHP GROUP LTD,2020,1.0,True,1,Very High
BHP GROUP LTD,2021,0.625,True,1,High
BIC SA,2022,1.0,True,1,Very High
BKW FMB ENERGIE AG,2014,1.0,False,1,Very High
BNP PARIBAS,2011,0.875,False,1,Very High
BNP PARIBAS,2012,0.875,False,1,Very High
BNP PARIBAS,2013,0.875,False,1,Very High
BNP PARIBAS,2015,0.75,False,1,High
BNP PARIBAS,2019,0.6875,False,1,High
BNP PARIBAS,2022,0.75,False,1,High
BNP PARIBAS,2023,0.9375,False,1,Very High
BOLLORE SE,2012,0.5,True,1,Medium
BOLLORE SE,2016,1.0,True,1,Very High
BOLLORE SE,2019,0.875,True,1,Very High
BOLLORE SE,2022,0.5,True,1,Medium
BOSKALIS WESTMINSTER NV,2023,0.5,False,1,Medium
BOUYGUES SA,2016,0.6875,True,1,High
BOUYGUES SA,2023,0.6875,False,1,High
BP PLC,2011,0.6875,True,1,High
BP PLC,2012,0.75,True,1,High
BP PLC,2013,0.9375,True,1,Very High
BP PLC,2014,0.875,True,1,Very High
BP PLC,2015,0.5,True,1,Medium
BP PLC,2017,1.0,True,1,Very High
BP PLC,2018,1.0,True,1,Very High
BP PLC,2019,0.6875,True,1,High
BP PLC,2020,1.0,True,1,Very High
BP PLC,2021,0.875,True,1,Very High
BP PLC,2022,0.8125,True,1,Very High
BP PLC,2023,0.875,True,1,Very High
BRITISH AMER TOBACCO PLC,2022,0.875,True,1,Very High
BT GROUP PLC,2019,0.75,True,1,High
BT GROUP PLC,2021,0.25,True,0,Low
BUNZL PLC,2021,0.25,True,0,Low
BURBERRY GROUP PLC,2018,0.4375,True,0,Medium
BURBERRY GROUP PLC,2021,0.8125,True,1,Very High
BURBERRY GROUP PLC,2022,0.5625,True,1,High
CAIXABANK SA,2023,0.3125,False,0,Medium
CARLSBERG A/S,2020,0.9375,True,1,Very High
CARNIVAL CORPORATION & PLC,2017,0.125,True,0,Low
CARNIVAL CORPORATION & PLC,2021,0.75,True,1,High
CARNIVAL CORPORATION & PLC,2022,0.6875,True,1,High
CARNIVAL CORPORATION & PLC,2023,0.5,True,1,Medium
CARREFOUR SA,2017,0.3125,True,0,Medium
CARREFOUR SA,2021,0.8125,True,1,Very High
CARREFOUR SA,2022,0.625,True,1,High
CARREFOUR SA,2023,0.9375,False,1,Very High
CENTRICA PLC,2022,1.0,True,1,Very High
CENTRICA PLC,2023,0.875,True,1,Very High
CEZ A S,2023,0.75,False,1,High
CHRISTIAN DIOR SE,2020,1.0,True,1,Very High
CIE GEN DES ETABLIS MICHELIN,2022,1.0,True,1,Very High
CIE GEN DES ETABLIS MICHELIN,2023,1.0,False,1,Very High
COCA-COLA HBC AG,2019,0.8125,True,1,Very High
COCA-COLA HBC AG,2021,0.8125,True,1,Very High
COMMERZBANK,2019,0.375,False,0,Medium
COMMERZBANK,2020,0.875,False,1,Very High
COMMERZBANK,2022,0.9375,False,1,Very High
COMMERZBANK,2023,0.9375,False,1,Very High
COVESTRO AG,2015,1.0,False,1,Very High
CREDIT SUISSE GROUP,2015,0.875,True,1,Very High
CREDIT SUISSE GROUP,2021,0.875,True,1,Very High
DANONE SA,2011,1.0,True,1,Very High
DANONE SA,2017,0.75,True,1,High
DANONE SA,2023,1.0,False,1,Very High
DANSKE BANK AS,2023,0.5,False,1,Medium
DCC PLC,2021,0.625,True,1,High
DELHAIZE GROUP - ETS DLHZ FR,2019,0.5,False,1,Medium
DELHAIZE GROUP - ETS DLHZ FR,2021,0.25,False,0,Low
DEUTSCHE BANK AG,2013,1.0,False,1,Very High
DEUTSCHE BANK AG,2021,0.625,False,1,High
DEUTSCHE BANK AG,2022,0.8125,False,1,Very High
DEUTSCHE BANK AG,2023,1.0,False,1,Very High
DEUTSCHE LUFTHANSA AG,2022,0.5,False,1,Medium
DEUTSCHE LUFTHANSA AG,2023,0.9375,True,1,Very High
DEUTSCHE POST AG,2020,1.0,True,1,Very High
DEUTSCHE POST AG,2022,0.9375,True,1,Very High
DNB ASA,2022,0.3125,False,0,Medium
DRAX GROUP,2016,0.625,True,1,High
DRAX GROUP,2017,0.9375,True,1,Very High
DRAX GROUP,2018,0.9375,True,1,Very High
DRAX GROUP,2019,0.9375,True,1,Very High
DRAX GROUP,2020,0.9375,True,1,Very High
DRAX GROUP,2021,0.875,True,1,Very High
DRAX GROUP,2022,1.0,True,1,Very High
DRAX GROUP,2023,1.0,False,1,Very High
E.ON SE,2014,0.3125,False,0,Medium
E.ON SE,2021,1.0,True,1,Very High
EASYJET PLC,2019,0.9375,True,1,Very High
EASYJET PLC,2022,0.875,True,1,Very High
EDF,2015,0.8125,True,1,Very High
EDF,2018,0.5625,True,1,High
EDF,2019,0.625,True,1,High
EDP-ENERGIAS DE PORTUGAL SA,2022,0.5625,True,1,High
ENDESA SA,2019,0.75,True,1,High
ENDESA SA,2023,0.9375,False,1,Very High
ENEL SPA,2019,0.5625,True,1,High
ENGIE SA,2021,0.1875,True,0,Low
ENI SPA,2020,1.0,True,1,Very High
ENI SPA,2021,1.0,True,1,Very High
ENI SPA,2022,0.625,True,1,High
ENI SPA,2023,0.375,False,0,Medium
EQUINOR ASA,2018,0.875,True,1,Very High
EQUINOR ASA,2021,0.875,True,1,Very High
FLUGHAFEN ZUERICH AG,2019,0.8125,True,1,Very High
FORTUM OYJ,2022,0.8125,True,1,Very High
FRAPORT AG,2022,0.5625,True,1,High
GLENCORE PLC,2011,0.5,False,1,Medium
GLENCORE PLC,2013,0.75,False,1,High
GLENCORE PLC,2014,1.0,False,1,Very High
GLENCORE PLC,2018,0.4375,True,0,Medium
GLENCORE PLC,2019,1.0,True,1,Very High
GLENCORE PLC,2020,1.0,True,1,Very High
GLENCORE PLC,2021,1.0,True,1,Very High
GLENCORE PLC,2022,1.0,True,1,Very High
GLENCORE PLC,2023,0.75,True,1,High
GSK PLC,2023,0.25,False,0,Low
HEIDELBERGCEMENT AG,2021,0.875,True,1,Very High
HEIDELBERGCEMENT AG,2022,1.0,True,1,Very High
HEIDELBERGCEMENT AG,2023,1.0,False,1,Very High
HEINEKEN NV,2021,0.8125,True,1,Very High
HELLOFRESH SE,2022,1.0,True,1,Very High
HELLOFRESH SE,2023,1.0,True,1,Very High
HENKEL AG & CO KGAA,2019,0.875,True,1,Very High
HENKEL AG & CO KGAA,2021,0.9375,True,1,Very High
HENNES & MAURITZ AB,2012,0.625,True,1,High
HENNES & MAURITZ AB,2013,0.1875,True,0,Low
HENNES & MAURITZ AB,2014,0.8125,True,1,Very High
HENNES & MAURITZ AB,2015,0.6875,True,1,High
HENNES & MAURITZ AB,2016,0.8125,True,1,Very High
HENNES & MAURITZ AB,2017,1.0,True,1,Very High
HENNES & MAURITZ AB,2018,0.625,True,1,High
HENNES & MAURITZ AB,2019,0.8125,True,1,Very High
HENNES & MAURITZ AB,2020,0.9375,True,1,Very High
HENNES & MAURITZ AB,2021,0.9375,True,1,Very High
HENNES & MAURITZ AB,2022,1.0,True,1,Very High
HENNES & MAURITZ AB,2023,1.0,True,1,Very High
HOLCIM LTD,2020,1.0,True,1,Very High
HOLCIM LTD,2021,0.8125,True,1,Very High
HOLCIM LTD,2022,0.375,True,0,Medium
HSBC HLDGS PLC,2021,0.8125,False,1,Very High
HSBC HLDGS PLC,2022,1.0,False,1,Very High
IBERDROLA SA,2021,0.875,False,1,Very High
IBERDROLA SA,2022,0.75,True,1,High
INTESA SANPAOLO SPA,2021,0.8125,False,1,Very High
INTESA SANPAOLO SPA,2022,0.75,False,1,High
INTL CONSOL AIRLINES GROUP,2022,0.8333333333333334,True,1,Very High
INTL CONSOL AIRLINES GROUP,2023,0.1666666666666667,True,0,Low
ITV PLC,2021,0.4375,True,0,Medium
IVECO GROUP N.V.,2020,1.0,False,1,Very High
JCDECAUX SE,2017,0.875,True,1,Very High
JCDECAUX SE,2021,0.375,True,0,Medium
JCDECAUX SE,2022,0.5625,True,1,High
JULIUS BAER GRUPPE AG,2023,0.1875,False,0,Low
JUST EAT PLC,2021,0.75,False,1,High
JYSKE BANK,2022,0.6875,False,1,High
KERING,2019,0.375,True,0,Medium
KERING,2021,0.4375,True,0,Medium
KERING,2022,0.5,True,1,Medium
KINGSPAN GROUP PLC,2023,0.75,False,1,High
KOMERCNI BANKA AS,2023,1.0,False,1,Very High
KONINKLIJKE AHOLD DELHAIZE,2022,0.5,False,1,Medium
KONINKLIJKE PHILIPS NV,2012,0.0625,True,0,Low
KONINKLIJKE PHILIPS NV,2013,0.1875,False,0,Low
KONINKLIJKE PHILIPS NV,2014,0.875,False,1,Very High
KONINKLIJKE PHILIPS NV,2015,0.875,True,1,Very High
LA FRANCAISE DES JEUX SA,2022,0.8125,False,1,Very High
LA FRANCAISE DES JEUX SA,2023,0.6875,False,1,High
LAFARGE SA,2017,0.875,False,1,Very High
LAFARGE SA,2020,1.0,False,1,Very High
LAFARGE SA,2021,0.25,False,0,Low
LAFARGE SA,2022,0.5625,False,1,High
LANXESS AG,2022,0.125,True,0,Low
LEG IMMOBILIEN SE,2022,0.3125,True,0,Medium
LEGAL & GEN GROUP PLC,2021,0.75,False,1,High
LEGAL & GEN GROUP PLC,2022,0.4375,False,0,Medium
LLOYDS BANKING GROUP PLC,2021,0.75,False,1,High
LLOYDS BANKING GROUP PLC,2022,0.75,False,1,High
LLOYDS BANKING GROUP PLC,2023,1.0,False,1,Very High
LONDON STOCK EXCH GROUP PLC,2019,0.5,False,1,Medium
LOREAL SA,2017,0.625,True,1,High
LOREAL SA,2018,0.625,True,1,High
LOREAL SA,2019,0.625,True,1,High
LOREAL SA,2021,1.0,True,1,Very High
LOREAL SA,2022,0.8125,True,1,Very High
LOREAL SA,2023,0.5625,False,1,High
LVMH MOET HENNESSY LOUIS V,2015,0.125,True,0,Low
LVMH MOET HENNESSY LOUIS V,2019,0.4375,True,0,Medium
LVMH MOET HENNESSY LOUIS V,2021,0.5,True,1,Medium
LVMH MOET HENNESSY LOUIS V,2022,0.4375,True,0,Medium
LVMH MOET HENNESSY LOUIS V,2023,0.5,False,1,Medium
M&G PLC,2019,0.4375,False,0,Medium
MAPFRE,2017,0.25,False,0,Low
MAPFRE,2018,0.25,False,0,Low
MAPFRE,2019,0.125,False,0,Low
MAPFRE,2020,0.8125,False,1,Very High
MAPFRE,2021,0.8125,False,1,Very High
MAPFRE,2022,0.8125,False,1,Very High
MAPFRE,2023,0.6875,False,1,High
MARKS & SPENCER GROUP PLC,2012,0.75,True,1,High
MARKS & SPENCER GROUP PLC,2017,0.4375,True,0,Medium
MARKS & SPENCER GROUP PLC,2021,0.5,True,1,Medium
MARKS & SPENCER GROUP PLC,2022,0.875,True,1,Very High
MERCEDES-BENZ GROUP AG,2016,1.0,True,1,Very High
MERCEDES-BENZ GROUP AG,2017,0.875,True,1,Very High
MERCEDES-BENZ GROUP AG,2018,0.625,True,1,High
MERCEDES-BENZ GROUP AG,2019,0.625,True,1,High
MERCEDES-BENZ GROUP AG,2020,1.0,True,1,Very High
MERCEDES-BENZ GROUP AG,2021,1.0,True,1,Very High
MERCEDES-BENZ GROUP AG,2022,0.875,True,1,Very High
MERCEDES-BENZ GROUP AG,2023,0.8125,False,1,Very High
MERLIN ENTERTAINMENTS PLC,2017,0.75,True,1,High
MONDI PLC/LTD (GBR),2023,0.125,False,0,Low
MORRISON (WM) SUPERMARKETS,2012,0.3125,True,0,Medium
MORRISON (WM) SUPERMARKETS,2019,0.6875,True,1,High
MORRISON (WM) SUPERMARKETS,2021,0.75,False,1,High
MOWI ASA,2021,0.875,True,1,Very High
MOWI ASA,2022,1.0,True,1,Very High
MOWI ASA,2023,0.75,True,1,High
MUNICH RE CO,2022,0.625,False,1,High
NATIONAL GRID,2021,0.75,True,1,High
NATIONAL GRID,2022,0.8125,True,1,Very High
NATIONAL GRID,2023,0.75,True,1,High
NATIXIS,2021,0.625,False,1,High
NATURGY ENERGY GROUP SA,2021,0.4375,True,0,Medium
NATURGY ENERGY GROUP SA,2022,0.6875,True,1,High
NATWEST GROUP PLC,2022,0.0625,False,0,Low
NESTE OYJ,2022,0.5625,True,1,High
NESTLE SA/AG,2012,0.375,True,0,Medium
NESTLE SA/AG,2013,0.3125,False,0,Medium
NESTLE SA/AG,2014,1.0,False,1,Very High
NESTLE SA/AG,2015,1.0,True,1,Very High
NESTLE SA/AG,2016,1.0,True,1,Very High
NESTLE SA/AG,2017,1.0,True,1,Very High
NESTLE SA/AG,2018,1.0,True,1,Very High
NESTLE SA/AG,2019,0.5,True,1,Medium
NESTLE SA/AG,2020,0.6875,True,1,High
NESTLE SA/AG,2021,0.8125,True,1,Very High
NESTLE SA/AG,2022,1.0,False,1,Very High
NESTLE SA/AG,2023,1.0,False,1,Very High
NOVARTIS AG,2022,0.375,False,0,Medium
NOVO NORDISK A/S,2020,0.5625,False,1,High
OCADO GROUP PLC,2022,0.5,True,1,Medium
ORSTED A/S,2019,0.4375,False,0,Medium
ORSTED A/S,2023,0.1875,False,0,Low
OSRAM LICHT AG,2013,0.1875,False,0,Low
P/F BAKKAFROST HOLDING,2022,0.8125,True,1,Very High
P/F BAKKAFROST HOLDING,2023,0.75,False,1,High
PANDORA AS,2023,0.1875,False,0,Low
PEARSON PLC,2021,0.3125,True,0,Medium
PERNOD RICARD SA,2019,0.0625,True,0,Low
PERNOD RICARD SA,2020,0.3125,True,0,Medium
PERNOD RICARD SA,2021,0.125,True,0,Low
PERNOD RICARD SA,2023,0.25,True,0,Low
PERSIMMON PLC,2019,0.625,True,1,High
PERSIMMON PLC,2021,0.1875,True,0,Low
PETROFAC LTD,2023,0.1875,False,0,Low
POLISH OIL AND GAS CO,2018,0.4166666666666667,True,0,Medium
POLSKI KONCERN NAFTOWY ORLEN,2018,0.875,True,1,Very High
POLSKI KONCERN NAFTOWY ORLEN,2020,1.0,True,1,Very High
POLSKI KONCERN NAFTOWY ORLEN,2023,0.875,False,1,Very High
PORSCHE AUTOMOBIL HOLDING SE,2019,1.0,True,1,Very High
POSTE ITALIANE SPA,2023,0.75,False,1,High
POWSZECHNA KASA OSZCZEDNOSCI,2018,1.0,False,1,Very High
POWSZECHNA KASA OSZCZEDNOSCI,2021,0.625,False,1,High
POWSZECHNY ZAKLAD UBEZPIEC,2018,0.8125,False,1,Very High
POWSZECHNY ZAKLAD UBEZPIEC,2021,0.6875,False,1,High
PRUDENTIAL PLC,2021,0.25,False,0,Low
PUBLICIS GROUPE SA,2021,0.5625,True,1,High
PUBLICIS GROUPE SA,2022,0.6875,True,1,High
PUBLICIS GROUPE SA,2023,0.6875,False,1,High
PUMA SE,2011,0.8125,True,1,Very High
PUMA SE,2012,0.25,True,0,Low
PUMA SE,2023,0.375,False,0,Medium
PZ CUSSONS PLC,2018,0.4375,True,0,Medium
PZ CUSSONS PLC,2021,1.0,True,1,Very High
QINETIQ GROUP,2019,0.125,True,0,Low
RAIFFEISEN BANK INTERNATI AG,2023,0.9375,False,1,Very High
RECKITT BENCKISER GROUP PLC,2011,0.1875,True,0,Low
RECKITT BENCKISER GROUP PLC,2018,0.25,True,0,Low
RECKITT BENCKISER GROUP PLC,2019,0.08333333333333333,True,0,Low
RECKITT BENCKISER GROUP PLC,2021,0.75,True,1,High
RECKITT BENCKISER GROUP PLC,2022,0.9375,True,1,Very High
RECKITT BENCKISER GROUP PLC,2023,1.0,True,1,Very High
RENAULT SA,2015,0.875,True,1,Very High
RENAULT SA,2016,1.0,True,1,Very High
RENAULT SA,2019,0.625,True,1,High
RENAULT SA,2020,0.125,True,0,Low
RENAULT SA,2021,0.375,True,0,Medium
RENAULT SA,2022,0.8125,True,1,Very High
REPSOL SA,2019,0.3125,True,0,Medium
REPSOL SA,2020,0.25,True,0,Low
REPSOL SA,2021,0.9375,True,1,Very High
REPSOL SA,2023,1.0,False,1,Very High
RHEINMETALL AG,2017,0.125,True,0,Low
RHEINMETALL AG,2021,0.5,True,1,Medium
RHEINMETALL AG,2022,0.375,True,0,Medium
RIO TINTO GROUP,2011,0.5,True,1,Medium
RIO TINTO GROUP,2012,0.9375,True,1,Very High
RIO TINTO GROUP,2013,1.0,True,1,Very High
RIO TINTO GROUP,2014,0.875,True,1,Very High
RIO TINTO GROUP,2015,0.875,True,1,Very High
RIO TINTO GROUP,2016,0.9375,True,1,Very High
RIO TINTO GROUP,2017,0.9375,True,1,Very High
RIO TINTO GROUP,2018,0.9375,True,1,Very High
RIO TINTO GROUP,2019,0.9166666666666666,True,1,Very High
RIO TINTO GROUP,2020,0.9375,True,1,Very High
RIO TINTO GROUP,2021,0.875,True,1,Very High
RIO TINTO GROUP,2022,0.875,True,1,Very High
RIO TINTO GROUP,2023,1.0,True,1,Very High
ROCHE HOLDING AG,2021,0.125,True,0,Low
ROCKWOOL A/S,2018,0.875,False,1,Very High
ROCKWOOL A/S,2019,0.875,False,1,Very High
ROCKWOOL A/S,2020,0.875,False,1,Very High
ROCKWOOL A/S,2021,0.0625,False,0,Low
ROCKWOOL A/S,2023,0.9375,False,1,Very High
RPC GROUP PLC,2012,1.0,True,1,Very High
RPC GROUP PLC,2017,0.75,True,1,High
RWE AG,2013,0.75,True,1,High
RWE AG,2014,0.1875,False,0,Low
RWE AG,2015,0.8125,True,1,Very High
RWE AG,2016,0.25,True,0,Low
RWE AG,2017,1.0,True,1,Very High
RWE AG,2018,0.8125,False,1,Very High
RWE AG,2019,1.0,False,1,Very High
RWE AG,2020,1.0,True,1,Very High
RWE AG,2021,1.0,False,1,Very High
RWE AG,2022,0.6875,False,1,High
RWE AG,2023,0.75,False,1,High
RYANAIR HOLDINGS PLC,2018,0.75,True,1,High
RYANAIR HOLDINGS PLC,2020,1.0,True,1,Very High
RYANAIR HOLDINGS PLC,2021,1.0,True,1,Very High
RYANAIR HOLDINGS PLC,2022,1.0,True,1,Very High
RYANAIR HOLDINGS PLC,2023,1.0,True,1,Very High
SAAB AB,2012,1.0,False,1,Very High
SAAB AB,2019,0.1666666666666667,False,0,Low
SAAB AB,2022,0.8125,False,1,Very High
SAFRAN SA,2023,0.5625,False,1,High
SAINSBURY (J) PLC,2019,0.6875,True,1,High
SAINSBURY (J) PLC,2020,0.9375,True,1,Very High
SAINSBURY (J) PLC,2021,0.5625,True,1,High
SAINSBURY (J) PLC,2022,0.3125,False,0,Medium
SAINSBURY (J) PLC,2023,0.9375,True,1,Very High
SAIPEM S P A,2022,0.1875,True,0,Low
SALZGITTER AG,2023,0.125,False,0,Low
SANDVIK AB,2020,0.1875,True,0,Low
SANOFI,2022,0.0625,True,0,Low
SANOFI,2023,0.0625,False,0,Low
SANTANDER BANK POLSKA SA,2022,0.0625,False,0,Low
SBM OFFSHORE NV,2019,0.25,True,0,Low
SCHRODERS PLC,2021,0.1875,True,0,Low
SCOTTISH & SOUTHERN ENERGY,2014,0.875,True,1,Very High
SCOTTISH & SOUTHERN ENERGY,2020,0.8125,True,1,Very High
SCOTTISH & SOUTHERN ENERGY,2021,0.8125,True,1,Very High
SCOTTISH & SOUTHERN ENERGY,2022,0.9375,True,1,Very High
SERCO GROUP PLC,2021,0.375,True,0,Medium
SEVERN TRENT PLC,2018,0.6875,True,1,High
SEVERN TRENT PLC,2021,1.0,True,1,Very High
SEVERN TRENT PLC,2022,0.9375,True,1,Very High
SEVERN TRENT PLC,2023,0.5625,True,1,High
SGS SA,2023,0.5625,False,1,High
SHELL PLC,2011,0.375,True,0,Medium
SHELL PLC,2012,0.9375,True,1,Very High
SHELL PLC,2013,1.0,True,1,Very High
SHELL PLC,2014,0.875,True,1,Very High
SHELL PLC,2015,0.8125,True,1,Very High
SHELL PLC,2016,0.75,True,1,High
SHELL PLC,2017,0.25,True,0,Low
SHELL PLC,2018,0.9375,True,1,Very High
SHELL PLC,2019,1.0,True,1,Very High
SHELL PLC,2020,0.875,True,1,Very High
SHELL PLC,2021,0.875,False,1,Very High
SHELL PLC,2022,1.0,False,1,Very High
SHELL PLC,2023,1.0,False,1,Very High
SIEMENS AG,2011,0.6875,True,1,High
SIEMENS AG,2016,0.8125,True,1,Very High
SIEMENS AG,2018,0.75,True,1,High
SIEMENS AG,2020,0.9375,True,1,Very High
SIEMENS AG,2021,1.0,True,1,Very High
SIEMENS AG,2023,0.3125,False,0,Medium
SIEMENS ENERGY AG,2020,0.625,False,1,High
SIEMENS ENERGY AG,2021,0.625,False,1,High
SIEMENS ENERGY AG,2023,0.8125,False,1,Very High
SIEMENS GAMESA RENB ENRG SA,2023,0.5625,False,1,High
SIGNIFY NV,2021,1.0,True,1,Very High
SNAM SPA,2021,1.0,True,1,Very High
SNAM SPA,2023,0.5625,False,1,High
SOCIETE GENERALE GROUP,2020,0.625,False,1,High
SOCIETE GENERALE GROUP,2023,0.3125,False,0,Medium
SODEXO,2012,0.875,True,1,Very High
SODEXO,2016,0.3125,True,0,Medium
SODEXO,2023,0.3125,True,0,Medium
STANDARD CHARTERED PLC,2021,1.0,False,1,Very High
STANDARD CHARTERED PLC,2022,1.0,False,1,Very High
STANDARD CHARTERED PLC,2023,0.375,False,0,Medium
STELLANTIS NV,2017,1.0,True,1,Very High
STELLANTIS NV,2020,1.0,True,1,Very High
STELLANTIS NV,2021,1.0,True,1,Very High
STELLANTIS NV,2022,1.0,True,1,Very High
STELLANTIS NV,2023,0.3125,True,0,Medium
STORA ENSO OYJ,2011,0.6875,True,1,High
STORA ENSO OYJ,2012,1.0,True,1,Very High
STORA ENSO OYJ,2016,1.0,True,1,Very High
SWISS RE LTD,2023,0.5625,False,1,High
SWISSCOM AG,2023,0.875,False,1,Very High
SYNGENTA AG,2011,0.875,True,1,Very High
SYNGENTA AG,2012,0.875,True,1,Very High
SYNGENTA AG,2013,0.875,False,1,Very High
SYNGENTA AG,2014,1.0,False,1,Very High
SYNGENTA AG,2015,1.0,True,1,Very High
SYNGENTA AG,2016,1.0,True,1,Very High
SYNGENTA AG,2017,1.0,False,1,Very High
SYNGENTA AG,2018,1.0,False,1,Very High
SYNGENTA AG,2019,0.75,False,1,High
SYNGENTA AG,2020,0.625,False,1,High
SYNGENTA AG,2021,0.625,False,1,High
SYNGENTA AG,2022,0.8125,False,1,Very High
TALANX AG,2021,0.3125,False,0,Medium
TESCO PLC,2011,0.125,True,0,Low
TESCO PLC,2012,0.3125,True,0,Medium
TESCO PLC,2020,1.0,True,1,Very High
TESCO PLC,2021,1.0,True,1,Very High
TESCO PLC,2022,1.0,True,1,Very High
TESCO PLC,2023,1.0,True,1,Very High
THUNGELA RESOURCES LIMITED,2021,0.875,False,1,Very High
THYSSENKRUPP AG,2020,0.6875,True,1,High
THYSSENKRUPP AG,2022,0.0625,True,0,Low
TOTALENERGIES SE,2021,0.9375,True,1,Very High
TOTALENERGIES SE,2022,0.8125,True,1,Very High
TOTALENERGIES SE,2023,1.0,True,1,Very High
TUI AG,2019,0.875,False,1,Very High
TULLOW OIL PLC,2020,0.9375,False,1,Very High
TULLOW OIL PLC,2021,0.375,False,0,Medium
UBS GROUP AG,2021,0.6875,True,1,High
UBS GROUP AG,2022,0.125,True,0,Low
UMICORE SA,2020,0.1875,True,0,Low
UNICREDIT SPA,2022,1.0,False,1,Very High
UNILEVER PLC,2012,0.375,True,0,Medium
UNILEVER PLC,2017,0.875,True,1,Very High
UNILEVER PLC,2018,0.4375,True,0,Medium
UNILEVER PLC,2019,0.625,True,1,High
UNILEVER PLC,2020,1.0,True,1,Very High
UNILEVER PLC,2021,0.875,True,1,Very High
UNILEVER PLC,2022,1.0,True,1,Very High
UNILEVER PLC,2023,0.875,False,1,Very High
UNIPER SE,2020,0.625,False,1,High
UNIPER SE,2021,0.875,False,1,Very High
UNIPER SE,2022,0.875,False,1,Very High
UPM-KYMMENE CORP,2020,1.0,True,1,Very High
VEDANTA RESOURCES PLC,2023,0.75,False,1,High
VEOLIA ENVIRONNEMENT S A,2011,0.625,True,1,High
VEOLIA ENVIRONNEMENT S A,2012,1.0,True,1,Very High
VERBUND AG,2021,0.9375,True,1,Very High
VERBUND AG,2022,0.0625,True,0,Low
VIRGIN MONEY UK PLC,2015,0.875,False,1,Very High
VODAFONE GROUP PUBLIC LTD,2021,0.8125,True,1,Very High
VOLKSWAGEN AG,2011,0.9375,True,1,Very High
VOLKSWAGEN AG,2015,1.0,True,1,Very High
VOLKSWAGEN AG,2016,1.0,True,1,Very High
VOLKSWAGEN AG,2019,0.8125,True,1,Very High
VOLVO AB,2020,1.0,True,1,Very High
VOLVO AB,2022,0.3125,True,0,Medium
WIZZ AIR HOLDINGS PLC,2021,0.875,True,1,Very High
WIZZ AIR HOLDINGS PLC,2022,0.875,True,1,Very High
WIZZ AIR HOLDINGS PLC,2023,0.6875,True,1,High
WPP PLC,2018,0.25,True,0,Low
WPP PLC,2021,0.8125,True,1,Very High
WPP PLC,2022,0.6875,True,1,High
YARA INTERNATIONAL ASA,2019,0.875,True,1,Very High
YARA INTERNATIONAL ASA,2020,0.875,True,1,Very High
YARA INTERNATIONAL ASA,2021,0.75,True,1,High
ZALANDO SE,2022,0.9375,True,1,Very High
ZALANDO SE,2023,1.0,True,1,Very High
